"Source:","/home/tollsimy/Desktop/Tirocinio/Hardware/ICCI-HW/ICCI-HW.kicad_sch"
"Date:","dom 29 mag 2022, 13:12:06"
"Tool:","Eeschema 6.0.5-a6ca702e91~116~ubuntu20.04.1"
"Generator:","/usr/share/kicad/plugins/bom_csv_grouped_by_value_with_fp.py"
"Component Count:","179"
"Ref","Qnty","Value","Cmp name","Footprint","Description","Vendor"
"BT401, ","1","2032 Cell","Battery_Cell","Battery:BatteryHolder_Keystone_3034_1x20mm","Single-cell battery",""
"BT601, ","1","2S_Battery 18650","2S_Battery","ICCI-LIB:BAT_1048","",""
"BZ401, ","1","PS1240P02BT ","Buzzer","Buzzer_Beeper:Buzzer_TDK_PS1240P02BT_D12.2mm_H6.5mm","Buzzer, polarized",""
"C201, C203, C204, C207, C306, C307, C308, C309, C310, C311, C312, C313, C403, C404, C405, C408, C410, C501, C503, C505, C506, C509, C510, C511, C605, C608, ","26","100n","C","Capacitor_SMD:C_0603_1608Metric","Unpolarized capacitor",""
"C202, C205, C206, C305, C401, C407, C409, C508, C611, C613, ","10","4.7u","C","Capacitor_SMD:C_0603_1608Metric","Unpolarized capacitor",""
"C301, C302, C303, C304, C402, C504, C601, C617, ","8","1u","C","Capacitor_SMD:C_0603_1608Metric","Unpolarized capacitor",""
"C406, C502, ","2","1n","C","Capacitor_SMD:C_0603_1608Metric","Unpolarized capacitor",""
"C507, C618, C619, ","3","47u","C","Capacitor_SMD:C_1210_3225Metric","Unpolarized capacitor",""
"C602, C603, C607, C609, C616, ","5","10u","C","Capacitor_SMD:C_1206_3216Metric","Unpolarized capacitor",""
"C604, C606, ","2","15n","C","Capacitor_SMD:C_0603_1608Metric","Unpolarized capacitor",""
"C610, C612, ","2","22u","C","Capacitor_SMD:C_1206_3216Metric","Unpolarized capacitor",""
"C614, C615, ","2","0.22u","C","Capacitor_SMD:C_0603_1608Metric","Unpolarized capacitor",""
"D201, ","1","PRTR5V0U2AX,215","PRTR5V0U2AX,215","Package_TO_SOT_SMD:SOT-143","",""
"D202, ","1","SD05_SOD323","SD05_SOD323","Diode_SMD:D_SOD-323","5V, 450W Discrete Bidirectional TVS Diode, SOD-323",""
"D203, ","1","TX_LED","LED","LED_SMD:LED_0805_2012Metric","Light emitting diode",""
"D204, ","1","RX_LED","LED","LED_SMD:LED_0805_2012Metric","Light emitting diode",""
"D401, ","1","uSD_S_LED 5mm Horiz.","LED","LED_THT:LED_D5.0mm_Horizontal_O3.81mm_Z3.0mm","Light emitting diode",""
"D402, ","1","DT1240A-08LP3810","DT1240A-08LP3810","Package_DFN_QFN:UDFN-9_1.0x3.8mm_P0.5mm","Low Capacitance TVS Diode Array, 3.3V Standoff, 8 Channels, UDFN-9",""
"D403, ","1","LED RGB 5mm Horiz.","LED_ABGR_1","ICCI-LIB:LED_D5.0mm-4_RGB_Staggered_Pins_Horizontal","RGB LED, anode/blue/green/red",""
"D501, ","1","DZ 3.3V 5mA","D_Zener","Diode_SMD:D_SOD-923","Zener diode",""
"D502, ","1","UCLAMP3301D.TCT","TVS-Unidirectional","Diode_SMD:D_SOD-323","",""
"D601, ","1","BATT_S_LED 5mm Horiz.","LED","LED_THT:LED_D5.0mm_Horizontal_O3.81mm_Z3.0mm","Light emitting diode",""
"D602, ","1","SMAJ15A","1.5KExxA","ICCI-LIB:SMAJ15A","1500W unidirectional TRANSZORBÂ® Transient Voltage Suppressor, DO-201AE",""
"D603, D605, ","2","VSSAF3L45HM3_A/I","D_Schottky","ICCI-LIB:VSSAF3L45HM3","Schottky diode",""
"D604, ","1","3V3_LED","LED","LED_SMD:LED_0805_2012Metric","Light emitting diode",""
"F601, ","1","MF-LSMF075X","Polyfuse","ICCI-LIB:Bourns_MF-LSMF","Resettable fuse, polymeric positive temperature coefficient",""
"J201, ","1","USB_C_Receptacle_USB2.0","USB_C_Receptacle_USB2.0","ICCI-LIB:USB_C_Receptacle_Amphenol_12401548E4-2A","USB 2.0-only Type-C Receptacle connector",""
"J401, ","1","EXP0","Conn_01x04_Male","Connector_PinHeader_2.54mm:PinHeader_1x04_P2.54mm_Vertical","Generic connector, single row, 01x04, script generated (kicad-library-utils/schlib/autogen/connector/)",""
"J402, ","1","EXP1","Conn_01x04_Male","Connector_PinHeader_2.54mm:PinHeader_1x04_P2.54mm_Vertical","Generic connector, single row, 01x04, script generated (kicad-library-utils/schlib/autogen/connector/)",""
"J403, ","1","DM3AT-SF-PEJM5","Micro_SD_Card_Det","Connector_Card:microSD_HC_Hirose_DM3AT-SF-PEJM5","Micro SD Card Socket with card detection pins",""
"J501, ","1","JTAG","Conn_01x04","Connector_PinHeader_2.54mm:PinHeader_1x04_P2.54mm_Vertical","Generic connector, single row, 01x04, script generated (kicad-library-utils/schlib/autogen/connector/)",""
"L601, ","1","3.3u","L","Inductor_SMD:L_Bourns_SRP7028A_7.3x6.6mm","Inductor",""
"L602, ","1","1.5u","L","Inductor_SMD:L_Coilcraft_XxL4040","Inductor",""
"Q201, Q202, Q402, Q403, Q404, Q405, ","6","PDTC114Y","DTC114Y","Package_TO_SOT_SMD:SOT-23","Digital NPN Transistor, 10k/47k, SOT-23",""
"Q401, ","1","RZM001P02","Q_PMOS_GSD","ICCI-LIB:RZM001P02","P-MOSFET transistor, gate/source/drain",""
"R202, R203, ","2","5.1k","R","Resistor_SMD:R_0603_1608Metric","Resistor",""
"R204, ","1","22.1k","R","Resistor_SMD:R_0603_1608Metric","Resistor",""
"R205, ","1","47.5k","R","Resistor_SMD:R_0603_1608Metric","Resistor",""
"R206, R302, R303, ","3","1k","R","Resistor_SMD:R_0603_1608Metric","Resistor",""
"R207, R208, ","2","22R","R","Resistor_SMD:R_0603_1608Metric","Resistor",""
"R209, R210, R615, ","3","510R","R","Resistor_SMD:R_0603_1608Metric","Resistor",""
"R301, R408, ","2","4.7k","R","Resistor_SMD:R_0603_1608Metric","Resistor",""
"R304, R305, R619, ","3","DNP","R","Resistor_SMD:R_0603_1608Metric","Resistor",""
"R306, R505, R611, R613, ","4","200k","R","Resistor_SMD:R_0603_1608Metric","Resistor",""
"R401, R403, R405, R406, R507, R508, R509, R510, R513, R514, R515, R601, R604, R607, R610, R612, R614, ","17","10k","R","Resistor_SMD:R_0603_1608Metric","Resistor",""
"R402, R407, R409, R602, ","4","330R","R","Resistor_SMD:R_0603_1608Metric","Resistor",""
"R404, R511, R512, ","3","0R","R","Resistor_SMD:R_0603_1608Metric","Resistor",""
"R410, R411, ","2","220R","R","Resistor_SMD:R_0603_1608Metric","Resistor",""
"R501, R502, R503, R504, ","4","2.2k","R","Resistor_SMD:R_0603_1608Metric","Resistor",""
"R506, R603, R622, R623, ","4","100k","R","Resistor_SMD:R_0603_1608Metric","Resistor",""
"R605, R609, ","2","10R","R","Resistor_SMD:R_0603_1608Metric","Resistor",""
"R606, ","1","31.6k","R","Resistor_SMD:R_0603_1608Metric","Resistor",""
"R608, ","1","10m","R","Resistor_SMD:R_1206_3216Metric","Resistor",""
"R616, ","1","4.7R","R","Resistor_SMD:R_0603_1608Metric","Resistor",""
"R617, ","1","0R BUCK TEST","R","Resistor_SMD:R_1206_3216Metric","Resistor",""
"R618, ","1","178k","R","Resistor_SMD:R_0603_1608Metric","Resistor",""
"R620, ","1","86.6k","R","Resistor_SMD:R_0603_1608Metric","Resistor",""
"R621, ","1","22.6k","R","Resistor_SMD:R_0603_1608Metric","Resistor",""
"RN401, ","1","56k","R_Pack08","Resistor_SMD:R_Array_Convex_8x0602","8 resistor network, parallel topology",""
"SW501, ","1","SW_BOOT","SW_Push","Button_Switch_THT:SW_Tactile_SPST_Angled_PTS645Vx83-2LFS","Push button switch, generic, two pins",""
"SW502, ","1","SW_RST","SW_Push","Button_Switch_THT:SW_Tactile_SPST_Angled_PTS645Vx83-2LFS","Push button switch, generic, two pins",""
"SW503, ","1","SW_LOG_SD_EN","SW_Push","Button_Switch_THT:SW_Tactile_SPST_Angled_PTS645Vx83-2LFS","Push button switch, generic, two pins",""
"SW504, ","1","SW_RST_PROV","SW_Push","Button_Switch_THT:SW_Tactile_SPST_Angled_PTS645Vx83-2LFS","Push button switch, generic, two pins",""
"SW505, ","1","SW_RGB_CHRG","SW_Push","Button_Switch_THT:SW_Tactile_SPST_Angled_PTS645Vx83-2LFS","Push button switch, generic, two pins",""
"SW506, ","1","SW_SLEEP","SW_Push","Button_Switch_THT:SW_Tactile_SPST_Angled_PTS645Vx83-2LFS","Push button switch, generic, two pins",""
"SW601, ","1","SW_SPDT","SW_SPDT","ICCI-LIB:OS102011MA1QN1","Switch, single pole double throw",""
"TH601, ","1","NTC","Thermistor_NTC","Resistor_SMD:R_0603_1608Metric","Temperature dependent resistor, negative temperature coefficient",""
"U201, ","1","CP2102N-Axx-xQFN28","CP2102N-Axx-xQFN28","Package_DFN_QFN:QFN-28-1EP_5x5mm_P0.5mm_EP3.35x3.35mm","USB to UART master bridge, QFN-28",""
"U301, ","1","DS18B20","DS18B20","Package_TO_SOT_THT:TO-92_Inline","Programmable Resolution 1-Wire Digital Thermometer TO-92",""
"U302, ","1","AS7341","AS7341","ICCI-LIB:AS7431","",""
"U303, ","1","BH1750FVI-TR","BH1750FVI-TR","ICCI-LIB:BH1750FVI-TR","",""
"U304, ","1","TCS34725FN","TCS34725FN","ICCI-LIB:TCS34725FN","",""
"U305, ","1","TSL2561","TSL2561","ICCI-LIB:TLS2561","",""
"U306, ","1","PCA9306GM,125","PCA9306GM,125","ICCI-LIB:PCA9306GM","",""
"U401, ","1","PCF2127AT","PCF2127AT_1","ICCI-LIB:PCF2127AT","",""
"U402, ","1","SAM-M8Q","SAM-M8Q","RF_GPS:ublox_SAM-M8Q_HandSolder","GPS ublox M8 variant",""
"U501, ","1","ESP32-WROVER-IE/E","ESP32-WROVER-IE{slash}E_1","ICCI-LIB:ESP32-WROVER-IE","",""
"U502, ","1","SX1503I091TRT","SX1503I091TRT","ICCI-LIB:SX1503I091TRT","",""
"U601, ","1","NCV8164ASN180T1G","NCV8164ASN180T1G_","ICCI-LIB:NCV8164ASN180T1G","",""
"U602, ","1","AP62301WU-7","AP62301WU-7","Package_TO_SOT_SMD:TSOT-23-6","",""
"U603, ","1","MAX77960BEFV12+","MAX77960BEFV12+_1","ICCI-LIB:MAX77960BEFV12+","",""
